,0
1962-01-31,4.1
1962-02-28,4.0
1962-03-31,3.86
1962-04-30,3.86
1962-05-31,3.9
1962-06-30,4.0
1962-07-31,4.04
1962-08-31,3.96
1962-09-30,3.94
1962-10-31,3.92
1962-11-30,3.92
1962-12-31,3.85
1963-01-31,3.87
1963-02-28,3.94
1963-03-31,3.95
1963-04-30,3.95
1963-05-31,3.96
1963-06-30,4.0
1963-07-31,4.0
1963-08-31,4.02
1963-09-30,4.07
1963-10-31,4.15
1963-11-30,4.08
1963-12-31,4.14
1964-01-31,4.15
1964-02-29,4.18
1964-03-31,4.23
1964-04-30,4.22
1964-05-31,4.19
1964-06-30,4.15
1964-07-31,4.19
1964-08-31,4.21
1964-09-30,4.18
1964-10-31,4.16
1964-11-30,4.2
1964-12-31,4.21
1965-01-31,4.19
1965-02-28,4.22
1965-03-31,4.2
1965-04-30,4.21
1965-05-31,4.23
1965-06-30,4.2
1965-07-31,4.22
1965-08-31,4.27
1965-09-30,4.35
1965-10-31,4.41
1965-11-30,4.48
1965-12-31,4.65
1966-01-31,4.69
1966-02-28,5.02
1966-03-31,4.71
1966-04-30,4.79
1966-05-31,4.8
1966-06-30,4.97
1966-07-31,5.05
1966-08-31,5.36
1966-09-30,5.02
1966-10-31,4.97
1966-11-30,5.12
1966-12-31,4.64
1967-01-31,4.52
1967-02-28,4.72
1967-03-31,4.5
1967-04-30,4.78
1967-05-31,4.81
1967-06-30,5.22
1967-07-31,5.16
1967-08-31,5.27
1967-09-30,5.31
1967-10-31,5.64
1967-11-30,5.74
1967-12-31,5.7
1968-01-31,5.54
1968-02-29,5.56
1968-03-31,5.76
1968-04-30,5.74
1968-05-31,5.86
1968-06-30,5.64
1968-07-31,5.39
1968-08-31,5.42
1968-09-30,5.49
1968-10-31,5.61
1968-11-30,5.78
1968-12-31,6.16
1969-01-31,6.19
1969-02-28,6.26
1969-03-31,6.3
1969-04-30,6.2
1969-05-31,6.56
1969-06-30,6.73
1969-07-31,6.66
1969-08-31,6.83
1969-09-30,7.51
1969-10-31,6.94
1969-11-30,7.29
1969-12-31,7.88
1970-01-31,7.75
1970-02-28,6.9
1970-03-31,7.08
1970-04-30,7.82
1970-05-31,7.95
1970-06-30,7.68
1970-07-31,7.38
1970-08-31,7.49
1970-09-30,7.29
1970-10-31,7.33
1970-11-30,6.49
1970-12-31,6.5
1971-01-31,6.09
1971-02-28,6.14
1971-03-31,5.53
1971-04-30,6.08
1971-05-31,6.38
1971-06-30,6.7
1971-07-31,6.85
1971-08-31,6.28
1971-09-30,6.0
1971-10-31,5.87
1971-11-30,5.93
1971-12-31,5.89
1972-01-31,6.09
1972-02-29,6.04
1972-03-31,6.12
1972-04-30,6.14
1972-05-31,6.05
1972-06-30,6.15
1972-07-31,6.12
1972-08-31,6.42
1972-09-30,6.54
1972-10-31,6.41
1972-11-30,6.28
1972-12-31,6.41
1973-01-31,6.54
1973-02-28,6.64
1973-03-31,6.73
1973-04-30,6.7
1973-05-31,6.93
1973-06-30,6.94
1973-07-31,7.43
1973-08-31,7.25
1973-09-30,6.9
1973-10-31,6.71
1973-11-30,6.69
1973-12-31,6.9
1974-01-31,7.0
1974-02-28,7.01
1974-03-31,7.41
1974-04-30,7.66
1974-05-31,7.52
1974-06-30,7.64
1974-07-31,7.89
1974-08-31,8.11
1974-09-30,7.94
1974-10-31,7.79
1974-11-30,7.64
1974-12-31,7.4
1975-01-31,7.53
1975-02-28,7.46
1975-03-31,8.01
1975-04-30,8.31
1975-05-31,8.04
1975-06-30,7.96
1975-07-31,8.2
1975-08-31,8.22
1975-09-30,8.48
1975-10-31,7.91
1975-11-30,8.14
1975-12-31,7.76
1976-01-31,7.8
1976-02-29,7.77
1976-03-31,7.66
1976-04-30,7.67
1976-05-31,7.96
1976-06-30,7.86
1976-07-31,7.86
1976-08-31,7.66
1976-09-30,7.55
1976-10-31,7.42
1976-11-30,7.01
1976-12-31,6.81
1977-01-31,7.4
1977-02-28,7.45
1977-03-31,7.42
1977-04-30,7.45
1977-05-31,7.38
1977-06-30,7.2
1977-07-31,7.42
1977-08-31,7.28
1977-09-30,7.41
1977-10-31,7.62
1977-11-30,7.55
1977-12-31,7.78
1978-01-31,7.94
1978-02-28,8.04
1978-03-31,8.15
1978-04-30,8.24
1978-05-31,8.42
1978-06-30,8.62
1978-07-31,8.56
1978-08-31,8.39
1978-09-30,8.56
1978-10-31,8.96
1978-11-30,8.86
1978-12-31,9.15
1979-01-31,8.95
1979-02-28,9.17
1979-03-31,9.11
1979-04-30,9.35
1979-05-31,9.06
1979-06-30,8.81
1979-07-31,9.01
1979-08-31,9.24
1979-09-30,9.44
1979-10-31,10.72
1979-11-30,10.38
1979-12-31,10.33
1980-01-31,11.13
1980-02-29,12.72
1980-03-31,12.64
1980-04-30,10.76
1980-05-31,10.25
1980-06-30,10.09
1980-07-31,10.76
1980-08-31,11.55
1980-09-30,11.86
1980-10-31,12.46
1980-11-30,12.72
1980-12-31,12.43
1981-01-31,12.68
1981-02-28,13.43
1981-03-31,13.13
1981-04-30,14.11
1981-05-31,13.5
1981-06-30,13.86
1981-07-31,14.67
1981-08-31,15.41
1981-09-30,15.84
1981-10-31,14.63
1981-11-30,13.13
1981-12-31,13.98
1982-01-31,14.14
1982-02-28,14.03
1982-03-31,14.18
1982-04-30,13.87
1982-05-31,13.71
1982-06-30,14.44
1982-07-31,13.68
1982-08-31,12.81
1982-09-30,11.73
1982-10-31,10.71
1982-11-30,10.79
1982-12-31,10.36
1983-01-31,10.8
1983-02-28,10.27
1983-03-31,10.62
1983-04-30,10.27
1983-05-31,10.81
1983-06-30,10.96
1983-07-31,11.76
1983-08-31,11.98
1983-09-30,11.44
1983-10-31,11.74
1983-11-30,11.63
1983-12-31,11.82
1984-01-31,11.67
1984-02-29,12.04
1984-03-31,12.53
1984-04-30,12.82
1984-05-31,13.91
1984-06-30,13.84
1984-07-31,12.91
1984-08-31,12.79
1984-09-30,12.47
1984-10-31,11.79
1984-11-30,11.58
1984-12-31,11.55
1985-01-31,11.17
1985-02-28,11.91
1985-03-31,11.65
1985-04-30,11.41
1985-05-31,10.28
1985-06-30,10.25
1985-07-31,10.57
1985-08-31,10.28
1985-09-30,10.31
1985-10-31,10.01
1985-11-30,9.59
1985-12-31,9.0
1986-01-31,9.08
1986-02-28,8.13
1986-03-31,7.39
1986-04-30,7.38
1986-05-31,8.05
1986-06-30,7.35
1986-07-31,7.34
1986-08-31,6.95
1986-09-30,7.45
1986-10-31,7.34
1986-11-30,7.15
1986-12-31,7.23
1987-01-31,7.18
1987-02-28,7.19
1987-03-31,7.51
1987-04-30,8.21
1987-05-31,8.49
1987-06-30,8.38
1987-07-31,8.66
1987-08-31,9.0
1987-09-30,9.63
1987-10-31,8.88
1987-11-30,8.99
1987-12-31,8.83
1988-01-31,8.26
1988-02-29,8.16
1988-03-31,8.57
1988-04-30,8.87
1988-05-31,9.2
1988-06-30,8.82
1988-07-31,9.12
1988-08-31,9.25
1988-09-30,8.87
1988-10-31,8.65
1988-11-30,9.06
1988-12-31,9.14
1989-01-31,9.01
1989-02-28,9.32
1989-03-31,9.3
1989-04-30,9.02
1989-05-31,8.6
1989-06-30,8.1
1989-07-31,7.82
1989-08-31,8.26
1989-09-30,8.31
1989-10-31,7.92
1989-11-30,7.84
1989-12-31,7.93
1990-01-31,8.43
1990-02-28,8.51
1990-03-31,8.65
1990-04-30,9.04
1990-05-31,8.6
1990-06-30,8.43
1990-07-31,8.36
1990-08-31,8.86
1990-09-30,8.82
1990-10-31,8.65
1990-11-30,8.26
1990-12-31,8.08
1991-01-31,8.03
1991-02-28,8.02
1991-03-31,8.05
1991-04-30,8.02
1991-05-31,8.06
1991-06-30,8.24
1991-07-31,8.2
1991-08-31,7.82
1991-09-30,7.47
1991-10-31,7.47
1991-11-30,7.38
1991-12-31,6.71
1992-01-31,7.31
1992-02-29,7.27
1992-03-31,7.54
1992-04-30,7.61
1992-05-31,7.33
1992-06-30,7.14
1992-07-31,6.72
1992-08-31,6.62
1992-09-30,6.37
1992-10-31,6.8
1992-11-30,6.95
1992-12-31,6.7
1993-01-31,6.39
1993-02-28,6.03
1993-03-31,6.03
1993-04-30,6.05
1993-05-31,6.16
1993-06-30,5.8
1993-07-31,5.83
1993-08-31,5.45
1993-09-30,5.4
1993-10-31,5.43
1993-11-30,5.83
1993-12-31,5.83
1994-01-31,5.7
1994-02-28,6.15
1994-03-31,6.77
1994-04-30,7.06
1994-05-31,7.17
1994-06-30,7.34
1994-07-31,7.12
1994-08-31,7.19
1994-09-30,7.62
1994-10-31,7.81
1994-11-30,7.91
1994-12-31,7.84
1995-01-31,7.6
1995-02-28,7.22
1995-03-31,7.2
1995-04-30,7.07
1995-05-31,6.3
1995-06-30,6.21
1995-07-31,6.45
1995-08-31,6.28
1995-09-30,6.17
1995-10-31,6.03
1995-11-30,5.76
1995-12-31,5.58
1996-01-31,5.6
1996-02-29,6.13
1996-03-31,6.34
1996-04-30,6.66
1996-05-31,6.85
1996-06-30,6.73
1996-07-31,6.8
1996-08-31,6.96
1996-09-30,6.72
1996-10-31,6.37
1996-11-30,6.06
1996-12-31,6.43
1997-01-31,6.53
1997-02-28,6.56
1997-03-31,6.92
1997-04-30,6.72
1997-05-31,6.67
1997-06-30,6.51
1997-07-31,6.02
1997-08-31,6.34
1997-09-30,6.12
1997-10-31,5.84
1997-11-30,5.86
1997-12-31,5.75
1998-01-31,5.53
1998-02-28,5.62
1998-03-31,5.67
1998-04-30,5.68
1998-05-31,5.56
1998-06-30,5.44
1998-07-31,5.5
1998-08-31,5.05
1998-09-30,4.44
1998-10-31,4.64
1998-11-30,4.74
1998-12-31,4.65
1999-01-31,4.66
1999-02-28,5.29
1999-03-31,5.25
1999-04-30,5.36
1999-05-31,5.64
1999-06-30,5.81
1999-07-31,5.92
1999-08-31,5.98
1999-09-30,5.9
1999-10-31,6.02
1999-11-30,6.18
1999-12-31,6.45
2000-01-31,6.68
2000-02-29,6.42
2000-03-31,6.03
2000-04-30,6.23
2000-05-31,6.29
2000-06-30,6.03
2000-07-31,6.04
2000-08-31,5.73
2000-09-30,5.8
2000-10-31,5.77
2000-11-30,5.48
2000-12-31,5.12
2001-01-31,5.19
2001-02-28,4.92
2001-03-31,4.93
2001-04-30,5.35
2001-05-31,5.43
2001-06-30,5.42
2001-07-31,5.07
2001-08-31,4.85
2001-09-30,4.6
2001-10-31,4.3
2001-11-30,4.78
2001-12-31,5.07
2002-01-31,5.07
2002-02-28,4.88
2002-03-31,5.42
2002-04-30,5.11
2002-05-31,5.08
2002-06-30,4.86
2002-07-31,4.51
2002-08-31,4.14
2002-09-30,3.63
2002-10-31,3.93
2002-11-30,4.22
2002-12-31,3.83
2003-01-31,4.0
2003-02-28,3.71
2003-03-31,3.83
2003-04-30,3.89
2003-05-31,3.37
2003-06-30,3.54
2003-07-31,4.49
2003-08-31,4.45
2003-09-30,3.96
2003-10-31,4.33
2003-11-30,4.34
2003-12-31,4.27
2004-01-31,4.16
2004-02-29,3.99
2004-03-31,3.86
2004-04-30,4.53
2004-05-31,4.66
2004-06-30,4.62
2004-07-31,4.5
2004-08-31,4.13
2004-09-30,4.14
2004-10-31,4.05
2004-11-30,4.36
2004-12-31,4.24
2005-01-31,4.14
2005-02-28,4.36
2005-03-31,4.5
2005-04-30,4.21
2005-05-31,4.0
2005-06-30,3.94
2005-07-31,4.28
2005-08-31,4.02
2005-09-30,4.34
2005-10-31,4.57
2005-11-30,4.49
2005-12-31,4.39
2006-01-31,4.53
2006-02-28,4.55
2006-03-31,4.86
2006-04-30,5.07
2006-05-31,5.12
2006-06-30,5.15
2006-07-31,4.99
2006-08-31,4.74
2006-09-30,4.64
2006-10-31,4.61
2006-11-30,4.46
2006-12-31,4.71
2007-01-31,4.83
2007-02-28,4.56
2007-03-31,4.65
2007-04-30,4.63
2007-05-31,4.9
2007-06-30,5.03
2007-07-31,4.78
2007-08-31,4.54
2007-09-30,4.59
2007-10-31,4.48
2007-11-30,3.97
2007-12-31,4.04
2008-01-31,3.67
2008-02-29,3.53
2008-03-31,3.45
2008-04-30,3.77
2008-05-31,4.06
2008-06-30,3.99
2008-07-31,3.99
2008-08-31,3.83
2008-09-30,3.85
2008-10-31,4.01
2008-11-30,2.93
2008-12-31,2.25
2009-01-31,2.87
2009-02-28,3.02
2009-03-31,2.71
2009-04-30,3.16
2009-05-31,3.47
2009-06-30,3.53
2009-07-31,3.52
2009-08-31,3.4
2009-09-30,3.31
2009-10-31,3.41
2009-11-30,3.21
2009-12-31,3.85
2010-01-31,3.63
2010-02-28,3.61
2010-03-31,3.84
2010-04-30,3.69
2010-05-31,3.31
2010-06-30,2.97
2010-07-31,2.94
2010-08-31,2.47
2010-09-30,2.53
2010-10-31,2.63
2010-11-30,2.81
2010-12-31,3.3
2011-01-31,3.42
2011-02-28,3.42
2011-03-31,3.47
2011-04-30,3.32
2011-05-31,3.05
2011-06-30,3.18
2011-07-31,2.82
2011-08-31,2.23
2011-09-30,1.92
2011-10-31,2.17
2011-11-30,2.08
2011-12-31,1.89
2012-01-31,1.83
2012-02-29,1.98
2012-03-31,2.23
2012-04-30,1.95
2012-05-31,1.59
2012-06-30,1.67
2012-07-31,1.51
2012-08-31,1.57
2012-09-30,1.65
2012-10-31,1.72
2012-11-30,1.62
2012-12-31,1.78
2013-01-31,2.02
2013-02-28,1.89
2013-03-31,1.87
2013-04-30,1.7
2013-05-31,2.16
2013-06-30,2.52
2013-07-31,2.6
2013-08-31,2.78
2013-09-30,2.64
2013-10-31,2.57
2013-11-30,2.75
2013-12-31,3.04
2014-01-31,2.67
2014-02-28,2.66
2014-03-31,2.73
2014-04-30,2.67
2014-05-31,2.48
2014-06-30,2.53
2014-07-31,2.58
2014-08-31,2.35
2014-09-30,2.52
2014-10-31,2.35
2014-11-30,2.18
2014-12-31,2.17
2015-01-31,1.68
2015-02-28,2.0
2015-03-31,1.94
2015-04-30,2.05
2015-05-31,2.12
2015-06-30,2.35
2015-07-31,2.2
2015-08-31,2.21
2015-09-30,2.06
2015-10-31,2.16
2015-11-30,2.21
2015-12-31,2.27
2016-01-31,1.94
2016-02-29,1.74
2016-03-31,1.78
2016-04-30,1.83
2016-05-31,1.84
2016-06-30,1.49
2016-07-31,1.46
2016-08-31,1.58
2016-09-30,1.6
2016-10-31,1.84
2016-11-30,2.37
2016-12-31,2.45
2017-01-31,2.45
2017-02-28,2.36
2017-03-31,2.4
2017-04-30,2.29
2017-05-31,2.21
2017-06-30,2.31
2017-07-31,2.3
2017-08-31,2.12
2017-09-30,2.33
2017-10-31,2.38
2017-11-30,2.42
2017-12-31,2.4
2018-01-31,2.72
2018-02-28,2.87
2018-03-31,2.74
2018-04-30,2.95
2018-05-31,2.83
2018-06-30,2.85
2018-07-31,2.96
2018-08-31,2.86
2018-09-30,3.05
2018-10-31,3.15
2018-11-30,3.01
2018-12-31,2.69
2019-01-31,2.63
2019-02-28,2.73
2019-03-31,2.41
2019-04-30,2.51
2019-05-31,2.14
2019-06-30,2.0
2019-07-31,2.02
2019-08-31,1.5
2019-09-30,1.68
2019-10-31,1.69
2019-11-30,1.78
2019-12-31,1.92
2020-01-31,1.51
2020-02-29,1.13
2020-03-31,0.7
2020-04-30,0.64
2020-05-31,0.65
2020-06-30,0.66
2020-07-31,0.55
2020-08-31,0.72
2020-09-30,0.69
2020-10-31,0.88
2020-11-30,0.84
2020-12-31,0.93
2021-01-31,1.11
2021-02-28,1.44
2021-03-31,1.74
2021-04-30,1.65
2021-05-31,1.58
2021-06-30,1.45
2021-07-31,1.24
2021-08-31,1.3
2021-09-30,1.52
2021-10-31,1.55
2021-11-30,1.43
2021-12-31,1.52
2022-01-31,1.79
2022-02-28,1.83
2022-03-31,2.32
2022-04-30,2.89
2022-05-31,2.85
2022-06-30,2.98
2022-07-31,2.67
2022-08-31,3.15
2022-09-30,3.83
2022-10-31,4.1
2022-11-30,3.68
2022-12-31,3.88
2023-01-31,3.52
2023-02-28,3.92
2023-03-31,3.48
2023-04-30,3.44
2023-05-31,3.64
2023-06-30,3.81
2023-07-31,3.97
2023-08-31,4.09
2023-09-30,4.59
2023-10-31,4.88
2023-11-30,4.37
2023-12-31,3.88
2024-01-31,3.99
2024-02-29,4.25
2024-03-31,4.2
2024-04-30,4.69
2024-05-31,4.51
2024-06-30,4.36
2024-07-31,4.09
2024-08-31,3.91
2024-09-30,3.81
2024-10-31,4.28
2024-11-30,4.18
2024-12-31,4.58
2025-01-31,4.58
2025-02-28,4.24
2025-03-31,4.23
2025-04-30,4.17
2025-05-31,4.41
2025-06-30,4.24
2025-07-31,4.37
